id_carro,marca,modelo,ano,cor,preco,fornecedor,condicao,quilometragem
1,Toyota,Hilux,2022,Preto,120901,MegaMotors,novo,0
2,Honda,Fit,2024,Branco,122996,VeículoPlus,usado,82654
3,Nissan,Sentra,2025,Vermelho,88307,DriveMax,usado,77334
4,Toyota,Corolla,2020,Verde,97047,DriveMax,usado,83502
5,Volkswagen,Polo,2022,Vermelho,72909,MegaMotors,usado,101382
6,Nissan,Versa,2025,Verde,109874,VeículoPlus,usado,99950
7,Ford,EcoSport,2022,Preto,70148,RodaCerta,novo,0
8,Volkswagen,Polo,2021,Branco,103751,MegaMotors,usado,24984
9,Honda,Fit,2024,Prata,54879,MegaMotors,novo,0
10,Ford,Fiesta,2023,Cinza,125754,CarMaster,usado,40370
11,Toyota,Yaris,2024,Azul,56388,VeículoPlus,usado,98905
12,Hyundai,Tucson,2025,Preto,55840,TopCar,usado,82837
13,Nissan,Versa,2023,Vermelho,105017,RodaCerta,usado,31088
14,Volkswagen,T-Cross,2020,Vermelho,115959,VeículoPlus,novo,0
15,Chevrolet,Prisma,2024,Cinza,78060,MegaMotors,usado,72387
16,Toyota,Corolla,2025,Cinza,85603,VeículoPlus,usado,89418
17,Nissan,Kicks,2023,Vermelho,73309,DriveMax,novo,0
18,Ford,EcoSport,2020,Verde,70610,VeículoPlus,usado,87556
19,Ford,Fiesta,2024,Azul,71223,CarMaster,novo,0
20,Toyota,Hilux,2021,Azul,135021,TopCar,usado,94944
21,Nissan,Versa,2024,Verde,141351,AutoPrime,novo,0
22,Hyundai,Tucson,2025,Preto,61331,VeículoPlus,novo,0
23,Hyundai,HB20,2020,Verde,118947,MegaMotors,usado,103357
24,Hyundai,HB20,2020,Azul,123058,DriveMax,usado,78876
25,Ford,Ka,2023,Prata,135488,RodaCerta,usado,99205
26,Nissan,Sentra,2023,Vermelho,114564,TopCar,usado,82520
27,Hyundai,HB20,2024,Vermelho,105974,AutoPrime,novo,0
28,Hyundai,Tucson,2025,Azul,132717,CarMaster,novo,0
29,Nissan,Kicks,2025,Branco,46753,TopCar,novo,0
30,Nissan,Versa,2022,Vermelho,89133,RodaCerta,usado,22387
31,Hyundai,HB20,2021,Verde,80322,DriveMax,novo,0
32,Nissan,Kicks,2020,Vermelho,138962,MegaMotors,usado,24468
33,Honda,HR-V,2023,Branco,120797,AutoPrime,novo,0
34,Nissan,Kicks,2020,Cinza,100538,RodaCerta,usado,99435
35,Nissan,Versa,2025,Cinza,84313,RodaCerta,usado,99430
36,Volkswagen,T-Cross,2023,Verde,45282,CarMaster,novo,0
37,Volkswagen,Polo,2020,Branco,104996,RodaCerta,novo,0
38,Chevrolet,Tracker,2021,Verde,126417,AutoPrime,novo,0
39,Chevrolet,Prisma,2024,Azul,69770,AutoPrime,usado,35916
40,Nissan,Versa,2023,Preto,100357,RodaCerta,usado,53149
41,Volkswagen,Gol,2025,Verde,123785,TopCar,usado,65113
42,Chevrolet,Prisma,2023,Preto,68486,AutoPrime,novo,0
43,Toyota,Hilux,2022,Azul,111521,AutoPrime,usado,55408
44,Nissan,Kicks,2025,Verde,65291,MegaMotors,novo,0
45,Nissan,Sentra,2023,Cinza,100462,AutoPrime,novo,0
46,Ford,Fiesta,2024,Vermelho,104849,AutoPrime,novo,0
47,Honda,Fit,2025,Vermelho,92488,DriveMax,usado,100978
48,Ford,Ka,2020,Cinza,68700,VeículoPlus,usado,86364
49,Hyundai,Creta,2021,Azul,76167,AutoPrime,usado,20157
50,Volkswagen,T-Cross,2020,Vermelho,123018,AutoPrime,novo,0
51,Hyundai,Creta,2024,Prata,61809,VeículoPlus,usado,106437
52,Toyota,Corolla,2023,Verde,73185,DriveMax,usado,69022
53,Toyota,Hilux,2023,Cinza,139975,CarMaster,novo,0
54,Chevrolet,Tracker,2023,Cinza,77085,AutoPrime,usado,83176
55,Toyota,Corolla,2020,Verde,50531,TopCar,usado,91997
56,Volkswagen,T-Cross,2024,Vermelho,135328,RodaCerta,usado,47004
57,Ford,Fiesta,2025,Branco,63368,DriveMax,novo,0
58,Honda,Fit,2024,Prata,74799,RodaCerta,novo,0
59,Nissan,Versa,2024,Prata,68215,DriveMax,novo,0
60,Hyundai,Creta,2024,Cinza,58929,CarMaster,usado,22640
61,Ford,EcoSport,2022,Verde,62698,MegaMotors,usado,70285
62,Ford,Fiesta,2024,Preto,54654,TopCar,novo,0
63,Ford,EcoSport,2025,Prata,119139,DriveMax,usado,88887
64,Toyota,Yaris,2020,Prata,88936,RodaCerta,usado,27190
65,Toyota,Yaris,2022,Vermelho,66275,RodaCerta,usado,103948
66,Volkswagen,Gol,2021,Branco,121036,VeículoPlus,usado,48740
67,Honda,Fit,2024,Verde,57129,DriveMax,novo,0
68,Honda,Fit,2021,Preto,108986,MegaMotors,usado,99626
69,Ford,Fiesta,2022,Branco,51473,RodaCerta,usado,25942
70,Ford,Fiesta,2025,Preto,95034,CarMaster,usado,27629
71,Honda,HR-V,2025,Preto,143488,VeículoPlus,novo,0
72,Honda,Civic,2021,Verde,140836,RodaCerta,usado,42893
73,Ford,Ka,2020,Prata,143840,RodaCerta,novo,0
74,Honda,HR-V,2025,Vermelho,100361,DriveMax,novo,0
75,Chevrolet,Onix,2025,Vermelho,48850,CarMaster,usado,44142
76,Chevrolet,Prisma,2025,Preto,69709,TopCar,novo,0
77,Chevrolet,Tracker,2025,Vermelho,74926,CarMaster,usado,58080
78,Ford,EcoSport,2023,Preto,101812,MegaMotors,novo,0
79,Toyota,Hilux,2023,Azul,72569,AutoPrime,usado,72744
80,Honda,Fit,2024,Verde,87498,CarMaster,usado,107140
81,Nissan,Versa,2025,Branco,132119,CarMaster,novo,0
82,Ford,Ka,2024,Azul,47116,DriveMax,novo,0
83,Ford,EcoSport,2020,Verde,49833,RodaCerta,usado,96114
84,Chevrolet,Tracker,2020,Verde,64674,DriveMax,usado,106406
85,Nissan,Sentra,2021,Preto,149038,DriveMax,novo,0
86,Toyota,Hilux,2022,Preto,87152,VeículoPlus,usado,45250
87,Toyota,Yaris,2022,Vermelho,119778,VeículoPlus,usado,87131
88,Nissan,Kicks,2023,Branco,143677,MegaMotors,usado,54077
89,Hyundai,HB20,2022,Vermelho,96289,AutoPrime,novo,0
90,Ford,Ka,2020,Cinza,132635,AutoPrime,usado,106683
91,Toyota,Yaris,2023,Verde,137549,CarMaster,novo,0
92,Volkswagen,Polo,2023,Prata,77336,MegaMotors,usado,105018
93,Ford,EcoSport,2025,Branco,102955,AutoPrime,usado,39168
94,Volkswagen,T-Cross,2022,Prata,42296,VeículoPlus,novo,0
95,Hyundai,Creta,2022,Preto,71184,MegaMotors,novo,0
96,Hyundai,HB20,2025,Prata,104890,DriveMax,usado,93266
97,Honda,HR-V,2025,Cinza,125476,TopCar,usado,27501
98,Chevrolet,Tracker,2025,Azul,84654,VeículoPlus,novo,0
99,Ford,EcoSport,2020,Verde,57411,RodaCerta,novo,0
100,Volkswagen,Polo,2021,Prata,75165,RodaCerta,usado,30893
101,Honda,HR-V,2020,Vermelho,148869,AutoPrime,usado,101326
102,Chevrolet,Tracker,2025,Cinza,110780,MegaMotors,novo,0
103,Nissan,Kicks,2023,Azul,82009,TopCar,usado,82808
104,Hyundai,HB20,2022,Azul,78801,CarMaster,novo,0
105,Nissan,Sentra,2025,Preto,117650,DriveMax,usado,92347
106,Ford,EcoSport,2025,Azul,123265,RodaCerta,usado,40940
107,Nissan,Kicks,2025,Cinza,107765,CarMaster,usado,84492
108,Volkswagen,Gol,2024,Prata,90234,TopCar,usado,93145
109,Toyota,Hilux,2025,Preto,135883,VeículoPlus,usado,48354
110,Nissan,Versa,2022,Preto,88971,TopCar,novo,0
111,Toyota,Hilux,2021,Branco,79757,CarMaster,novo,0
112,Hyundai,HB20,2020,Vermelho,135543,MegaMotors,novo,0
113,Ford,EcoSport,2025,Prata,54030,DriveMax,novo,0
114,Hyundai,Creta,2021,Vermelho,76408,VeículoPlus,novo,0
115,Nissan,Sentra,2025,Branco,73870,CarMaster,usado,94277
116,Nissan,Versa,2020,Azul,127637,VeículoPlus,novo,0
117,Toyota,Hilux,2022,Vermelho,105137,VeículoPlus,usado,56703
118,Toyota,Yaris,2024,Prata,71859,TopCar,usado,65377
119,Ford,EcoSport,2021,Azul,129053,VeículoPlus,usado,64728
120,Chevrolet,Tracker,2021,Vermelho,72482,RodaCerta,usado,37787
121,Volkswagen,Polo,2024,Branco,42803,CarMaster,usado,96254
122,Chevrolet,Tracker,2025,Prata,70341,AutoPrime,usado,67042
123,Chevrolet,Tracker,2023,Azul,135153,AutoPrime,novo,0
124,Chevrolet,Tracker,2025,Azul,48094,MegaMotors,novo,0
125,Toyota,Corolla,2023,Prata,140069,AutoPrime,usado,20113
126,Ford,Fiesta,2021,Preto,43640,MegaMotors,usado,23793
127,Nissan,Versa,2020,Vermelho,80095,MegaMotors,novo,0
128,Volkswagen,Gol,2023,Prata,144203,CarMaster,usado,44828
129,Ford,Fiesta,2024,Cinza,73405,RodaCerta,novo,0
130,Honda,HR-V,2025,Azul,98208,CarMaster,usado,44489
131,Volkswagen,Polo,2020,Verde,97034,CarMaster,novo,0
132,Volkswagen,T-Cross,2024,Verde,111896,DriveMax,usado,104234
133,Hyundai,Tucson,2020,Prata,67323,CarMaster,novo,0
134,Chevrolet,Tracker,2025,Branco,105110,TopCar,novo,0
135,Honda,Fit,2025,Prata,54556,VeículoPlus,usado,31749
136,Nissan,Kicks,2025,Prata,76904,DriveMax,usado,42032
137,Toyota,Yaris,2022,Branco,109584,VeículoPlus,novo,0
138,Hyundai,Creta,2020,Verde,100093,AutoPrime,usado,67018
139,Toyota,Corolla,2025,Preto,72349,VeículoPlus,novo,0
140,Honda,HR-V,2021,Azul,78349,AutoPrime,usado,28816
141,Honda,HR-V,2025,Azul,142812,AutoPrime,novo,0
142,Toyota,Hilux,2022,Vermelho,62357,DriveMax,usado,27765
143,Hyundai,Tucson,2020,Vermelho,62711,RodaCerta,usado,65634
144,Ford,Ka,2020,Vermelho,110600,RodaCerta,novo,0
145,Chevrolet,Prisma,2021,Verde,130987,AutoPrime,novo,0
146,Volkswagen,Polo,2025,Verde,121248,RodaCerta,novo,0
147,Hyundai,HB20,2020,Verde,91350,RodaCerta,usado,25541
148,Chevrolet,Onix,2024,Branco,148370,TopCar,novo,0
149,Hyundai,HB20,2021,Prata,61383,MegaMotors,usado,107427
150,Chevrolet,Onix,2025,Verde,145062,RodaCerta,novo,0
151,Toyota,Hilux,2025,Azul,146199,CarMaster,novo,0
152,Toyota,Corolla,2020,Vermelho,122824,TopCar,usado,41795
153,Toyota,Corolla,2023,Preto,94964,TopCar,novo,0
154,Volkswagen,Gol,2023,Verde,105406,DriveMax,usado,54858
155,Toyota,Yaris,2020,Vermelho,43170,DriveMax,usado,94830
156,Volkswagen,T-Cross,2020,Cinza,65896,MegaMotors,novo,0
157,Hyundai,Tucson,2021,Verde,108057,DriveMax,usado,93158
158,Honda,Fit,2025,Prata,72055,VeículoPlus,usado,67814
159,Nissan,Kicks,2022,Vermelho,127786,CarMaster,novo,0
160,Honda,Fit,2022,Cinza,147915,CarMaster,novo,0
161,Volkswagen,Gol,2023,Azul,93539,RodaCerta,novo,0
162,Honda,HR-V,2024,Prata,100741,VeículoPlus,novo,0
163,Toyota,Yaris,2025,Azul,99325,AutoPrime,usado,83123
164,Volkswagen,Polo,2020,Vermelho,44262,RodaCerta,novo,0
165,Honda,HR-V,2020,Vermelho,129061,AutoPrime,novo,0
166,Volkswagen,Gol,2022,Cinza,148660,AutoPrime,novo,0
167,Volkswagen,T-Cross,2024,Vermelho,90611,RodaCerta,usado,72627
168,Hyundai,HB20,2023,Preto,136794,CarMaster,novo,0
169,Nissan,Versa,2020,Cinza,98850,MegaMotors,novo,0
170,Toyota,Corolla,2025,Branco,43758,CarMaster,usado,87281
171,Honda,HR-V,2022,Branco,109320,DriveMax,usado,38549
172,Honda,Civic,2025,Branco,139738,DriveMax,novo,0
173,Toyota,Hilux,2020,Vermelho,66336,VeículoPlus,novo,0
174,Chevrolet,Onix,2023,Branco,105808,RodaCerta,usado,32986
175,Volkswagen,Gol,2020,Branco,146668,AutoPrime,usado,85244
176,Volkswagen,Gol,2020,Verde,125735,TopCar,novo,0
177,Nissan,Versa,2023,Verde,147344,TopCar,usado,51381
178,Volkswagen,T-Cross,2025,Cinza,80111,TopCar,usado,77490
179,Nissan,Kicks,2025,Prata,57955,TopCar,usado,87050
180,Volkswagen,Gol,2021,Vermelho,95507,TopCar,usado,34913
181,Hyundai,HB20,2023,Prata,65638,RodaCerta,usado,40382
182,Ford,Fiesta,2022,Branco,88986,DriveMax,novo,0
183,Chevrolet,Prisma,2022,Azul,105472,RodaCerta,novo,0
184,Chevrolet,Prisma,2025,Preto,136910,DriveMax,usado,70816
185,Nissan,Kicks,2021,Verde,121369,MegaMotors,novo,0
186,Nissan,Versa,2022,Prata,59722,MegaMotors,novo,0
187,Volkswagen,Polo,2023,Azul,127910,TopCar,novo,0
188,Volkswagen,Gol,2025,Preto,137377,VeículoPlus,usado,26997
189,Nissan,Versa,2024,Branco,117953,TopCar,novo,0
190,Toyota,Corolla,2024,Branco,121445,TopCar,novo,0
191,Honda,Fit,2022,Prata,41933,AutoPrime,usado,35477
192,Hyundai,HB20,2025,Verde,98182,CarMaster,novo,0
193,Chevrolet,Onix,2022,Branco,83131,CarMaster,usado,109099
194,Chevrolet,Onix,2025,Vermelho,78448,RodaCerta,usado,29239
195,Hyundai,Creta,2024,Vermelho,93279,TopCar,usado,50024
196,Nissan,Versa,2021,Vermelho,117627,CarMaster,novo,0
197,Ford,Fiesta,2022,Prata,147405,VeículoPlus,novo,0
198,Honda,HR-V,2025,Cinza,82635,MegaMotors,usado,42026
199,Ford,Fiesta,2023,Branco,57475,DriveMax,usado,45037
200,Hyundai,HB20,2020,Preto,135923,CarMaster,novo,0
201,Chevrolet,Tracker,2024,Branco,130558,DriveMax,novo,0
202,Hyundai,Tucson,2023,Preto,133671,DriveMax,novo,0
203,Hyundai,Tucson,2022,Cinza,139261,AutoPrime,novo,0
204,Ford,Ka,2025,Verde,117033,TopCar,usado,37324
205,Volkswagen,Gol,2021,Preto,117610,DriveMax,usado,97188
206,Hyundai,Creta,2025,Azul,81109,RodaCerta,usado,85111
207,Volkswagen,T-Cross,2021,Verde,58162,RodaCerta,novo,0
208,Ford,Ka,2023,Branco,76974,VeículoPlus,novo,0
209,Honda,Fit,2024,Verde,115580,MegaMotors,usado,102218
210,Honda,Fit,2021,Cinza,118076,DriveMax,novo,0
211,Toyota,Corolla,2024,Prata,132343,CarMaster,novo,0
212,Hyundai,HB20,2022,Azul,108708,VeículoPlus,usado,73461
213,Toyota,Hilux,2023,Azul,119499,CarMaster,usado,107791
214,Toyota,Corolla,2023,Preto,69659,TopCar,novo,0
215,Ford,Ka,2021,Preto,47251,TopCar,novo,0
216,Toyota,Hilux,2023,Cinza,76448,RodaCerta,usado,84347
217,Chevrolet,Onix,2021,Branco,135147,CarMaster,usado,94581
218,Ford,Ka,2022,Preto,135937,TopCar,novo,0
219,Toyota,Corolla,2022,Vermelho,95631,RodaCerta,usado,84055
220,Ford,Fiesta,2022,Branco,103731,DriveMax,novo,0
221,Volkswagen,Gol,2024,Vermelho,149384,AutoPrime,usado,70020
222,Honda,Civic,2023,Vermelho,82474,DriveMax,usado,92523
223,Volkswagen,T-Cross,2021,Preto,97747,VeículoPlus,novo,0
224,Nissan,Versa,2021,Vermelho,147166,VeículoPlus,usado,79598
225,Nissan,Versa,2024,Preto,64955,RodaCerta,usado,107559
226,Hyundai,Tucson,2022,Vermelho,41319,CarMaster,novo,0
227,Toyota,Yaris,2025,Cinza,129441,MegaMotors,novo,0
228,Chevrolet,Prisma,2022,Cinza,147308,DriveMax,usado,53412
229,Toyota,Corolla,2023,Branco,55152,AutoPrime,usado,55911
230,Toyota,Corolla,2023,Preto,88266,RodaCerta,novo,0
231,Toyota,Hilux,2025,Prata,112341,AutoPrime,novo,0
232,Chevrolet,Onix,2021,Verde,75323,AutoPrime,usado,28459
233,Ford,EcoSport,2021,Vermelho,108366,CarMaster,novo,0
234,Honda,HR-V,2024,Vermelho,90797,TopCar,novo,0
235,Hyundai,HB20,2024,Vermelho,133286,VeículoPlus,novo,0
236,Volkswagen,T-Cross,2022,Prata,110038,DriveMax,usado,25126
237,Nissan,Versa,2020,Azul,85551,TopCar,novo,0
238,Hyundai,Tucson,2021,Vermelho,103618,MegaMotors,usado,44328
239,Volkswagen,Gol,2025,Cinza,58442,AutoPrime,usado,59489
240,Honda,Fit,2025,Vermelho,91000,AutoPrime,usado,75801
241,Hyundai,Tucson,2024,Prata,147395,VeículoPlus,usado,44939
242,Volkswagen,T-Cross,2021,Prata,71672,RodaCerta,usado,100535
243,Chevrolet,Onix,2023,Preto,70788,RodaCerta,usado,79255
244,Ford,Ka,2024,Prata,55443,DriveMax,novo,0
245,Honda,Fit,2020,Branco,125515,DriveMax,novo,0
246,Ford,Ka,2021,Preto,110278,DriveMax,usado,97067
247,Volkswagen,T-Cross,2022,Verde,112241,CarMaster,usado,27974
248,Volkswagen,T-Cross,2023,Verde,105878,AutoPrime,usado,94320
249,Toyota,Hilux,2022,Vermelho,42142,TopCar,novo,0
250,Nissan,Sentra,2021,Vermelho,85787,CarMaster,novo,0
251,Nissan,Versa,2022,Verde,109853,CarMaster,usado,89373
252,Nissan,Sentra,2021,Vermelho,69389,DriveMax,novo,0
253,Volkswagen,Polo,2022,Branco,123784,TopCar,usado,25568
254,Honda,Fit,2020,Preto,116475,TopCar,novo,0
255,Toyota,Yaris,2022,Vermelho,83511,AutoPrime,novo,0
256,Volkswagen,T-Cross,2020,Cinza,54850,TopCar,usado,71301
257,Toyota,Yaris,2021,Preto,73594,VeículoPlus,usado,99906
258,Volkswagen,T-Cross,2022,Preto,113124,RodaCerta,novo,0
259,Volkswagen,Polo,2021,Prata,45781,CarMaster,usado,103719
260,Honda,Civic,2025,Verde,140996,DriveMax,novo,0
261,Chevrolet,Prisma,2020,Verde,146454,MegaMotors,usado,96636
262,Honda,Civic,2022,Branco,86995,TopCar,novo,0
263,Nissan,Kicks,2021,Azul,87019,RodaCerta,novo,0
264,Ford,Ka,2024,Azul,42234,DriveMax,usado,108296
265,Toyota,Yaris,2021,Branco,59285,MegaMotors,usado,22174
266,Volkswagen,T-Cross,2020,Vermelho,137290,RodaCerta,usado,89013
267,Toyota,Yaris,2020,Preto,82977,AutoPrime,novo,0
268,Honda,HR-V,2025,Azul,48516,MegaMotors,usado,48827
269,Honda,Civic,2022,Preto,81451,AutoPrime,usado,33218
270,Ford,EcoSport,2020,Cinza,100376,TopCar,usado,80087
271,Nissan,Kicks,2021,Azul,141896,VeículoPlus,novo,0
272,Volkswagen,T-Cross,2024,Cinza,107291,CarMaster,usado,56059
273,Nissan,Sentra,2025,Prata,124787,MegaMotors,novo,0
274,Honda,Civic,2021,Prata,141333,VeículoPlus,novo,0
275,Nissan,Versa,2020,Prata,130244,MegaMotors,usado,27974
276,Chevrolet,Tracker,2022,Cinza,112432,MegaMotors,usado,82579
277,Nissan,Sentra,2020,Cinza,109947,CarMaster,novo,0
278,Volkswagen,T-Cross,2021,Prata,105752,AutoPrime,novo,0
279,Nissan,Versa,2022,Azul,71371,RodaCerta,novo,0
280,Toyota,Hilux,2022,Cinza,98293,TopCar,novo,0
281,Ford,EcoSport,2020,Verde,125471,RodaCerta,usado,101453
282,Toyota,Corolla,2023,Preto,127772,TopCar,novo,0
283,Honda,HR-V,2023,Preto,134825,CarMaster,novo,0
284,Chevrolet,Tracker,2020,Prata,69742,TopCar,novo,0
285,Ford,Fiesta,2021,Branco,80242,MegaMotors,usado,94678
286,Hyundai,HB20,2024,Cinza,67021,DriveMax,usado,70093
287,Volkswagen,Polo,2021,Azul,41456,VeículoPlus,usado,85002
288,Ford,Fiesta,2021,Prata,50368,CarMaster,usado,36616
289,Toyota,Hilux,2022,Vermelho,114636,MegaMotors,usado,39738
290,Toyota,Corolla,2022,Prata,63351,TopCar,usado,105952
291,Hyundai,HB20,2023,Prata,133746,VeículoPlus,novo,0
292,Hyundai,Creta,2022,Cinza,143551,TopCar,usado,102550
293,Ford,Ka,2021,Preto,110666,DriveMax,novo,0
294,Ford,EcoSport,2024,Preto,51774,VeículoPlus,novo,0
295,Toyota,Yaris,2020,Preto,105102,RodaCerta,novo,0
296,Ford,Fiesta,2023,Branco,71030,MegaMotors,usado,70500
297,Toyota,Hilux,2022,Prata,107619,TopCar,novo,0
298,Hyundai,Creta,2025,Azul,105160,TopCar,usado,67395
299,Ford,EcoSport,2022,Prata,145965,AutoPrime,usado,81590
300,Volkswagen,Gol,2023,Azul,62719,DriveMax,novo,0
301,Volkswagen,T-Cross,2021,Azul,144185,TopCar,novo,0
302,Chevrolet,Tracker,2024,Verde,54875,CarMaster,novo,0
303,Chevrolet,Prisma,2022,Azul,146045,RodaCerta,novo,0
304,Volkswagen,Gol,2021,Branco,130455,RodaCerta,usado,24098
305,Ford,Ka,2020,Preto,99541,TopCar,usado,24552
306,Hyundai,Creta,2023,Branco,42038,AutoPrime,novo,0
307,Volkswagen,Polo,2024,Vermelho,85528,VeículoPlus,novo,0
308,Ford,Fiesta,2020,Vermelho,94416,VeículoPlus,novo,0
309,Hyundai,HB20,2023,Verde,126602,VeículoPlus,usado,78088
310,Ford,Ka,2025,Azul,145329,AutoPrime,novo,0
311,Hyundai,Creta,2020,Cinza,127972,RodaCerta,novo,0
312,Toyota,Corolla,2021,Cinza,149162,CarMaster,usado,65500
313,Hyundai,Creta,2020,Verde,89631,CarMaster,novo,0
314,Chevrolet,Prisma,2021,Prata,67153,VeículoPlus,novo,0
315,Hyundai,Creta,2022,Azul,81722,MegaMotors,usado,42121
316,Chevrolet,Onix,2025,Azul,133397,CarMaster,novo,0
317,Volkswagen,Polo,2020,Branco,43592,RodaCerta,usado,71805
318,Chevrolet,Onix,2025,Vermelho,103652,CarMaster,novo,0
319,Nissan,Versa,2020,Azul,92481,TopCar,usado,107221
320,Volkswagen,T-Cross,2020,Verde,54137,RodaCerta,novo,0
321,Hyundai,Creta,2024,Prata,48522,TopCar,usado,27277
322,Volkswagen,Polo,2022,Prata,97271,MegaMotors,usado,69863
323,Nissan,Kicks,2024,Prata,44408,DriveMax,usado,80796
324,Hyundai,Creta,2021,Azul,146651,CarMaster,novo,0
325,Nissan,Versa,2023,Prata,68170,RodaCerta,novo,0
326,Chevrolet,Onix,2023,Cinza,52139,AutoPrime,usado,78676
327,Volkswagen,Gol,2021,Vermelho,65814,AutoPrime,novo,0
328,Ford,Fiesta,2021,Verde,116886,VeículoPlus,novo,0
329,Chevrolet,Tracker,2025,Branco,114282,AutoPrime,novo,0
330,Hyundai,Creta,2023,Cinza,78148,TopCar,usado,91012
331,Hyundai,Tucson,2021,Branco,47982,VeículoPlus,usado,49186
332,Honda,Fit,2021,Vermelho,46488,DriveMax,novo,0
333,Hyundai,Tucson,2020,Preto,101912,MegaMotors,usado,36959
334,Nissan,Kicks,2021,Cinza,86719,CarMaster,novo,0
335,Hyundai,Creta,2024,Azul,49919,AutoPrime,usado,95829
336,Volkswagen,Polo,2025,Verde,120968,AutoPrime,usado,56843
337,Nissan,Sentra,2024,Cinza,98911,CarMaster,usado,25563
338,Ford,Fiesta,2021,Verde,87834,TopCar,usado,33212
339,Ford,Fiesta,2023,Branco,113103,AutoPrime,usado,104848
340,Volkswagen,Gol,2024,Branco,50493,RodaCerta,usado,23943
341,Chevrolet,Tracker,2024,Verde,135412,CarMaster,usado,73116
342,Ford,Fiesta,2023,Azul,131768,AutoPrime,usado,25969
343,Hyundai,Creta,2022,Azul,106553,CarMaster,usado,59567
344,Hyundai,HB20,2020,Azul,86911,AutoPrime,usado,71029
345,Ford,Ka,2021,Branco,66021,MegaMotors,novo,0
346,Honda,Civic,2020,Vermelho,141308,AutoPrime,novo,0
347,Honda,Fit,2023,Vermelho,142225,DriveMax,usado,57180
348,Toyota,Hilux,2022,Vermelho,63752,CarMaster,usado,21464
349,Nissan,Kicks,2023,Azul,67479,AutoPrime,novo,0
350,Volkswagen,Polo,2025,Vermelho,101058,RodaCerta,novo,0
351,Volkswagen,Polo,2022,Preto,53416,AutoPrime,novo,0
352,Hyundai,HB20,2024,Preto,83340,DriveMax,novo,0
353,Volkswagen,Polo,2024,Azul,114454,VeículoPlus,usado,65556
354,Ford,Ka,2024,Prata,99752,MegaMotors,novo,0
355,Honda,HR-V,2022,Azul,51103,DriveMax,usado,63268
356,Ford,Fiesta,2024,Azul,67762,AutoPrime,novo,0
357,Volkswagen,T-Cross,2024,Verde,57148,VeículoPlus,novo,0
358,Nissan,Sentra,2021,Branco,118948,VeículoPlus,usado,57884
359,Chevrolet,Prisma,2023,Preto,144459,DriveMax,novo,0
360,Ford,Ka,2022,Prata,111164,DriveMax,usado,106224
361,Honda,HR-V,2021,Branco,114852,DriveMax,usado,79892
362,Ford,EcoSport,2020,Prata,146394,DriveMax,usado,107208
363,Hyundai,Creta,2023,Verde,74290,TopCar,novo,0
364,Ford,Fiesta,2020,Branco,80098,TopCar,novo,0
365,Ford,EcoSport,2023,Azul,76951,TopCar,usado,90067
366,Toyota,Hilux,2024,Vermelho,73412,RodaCerta,novo,0
367,Chevrolet,Tracker,2024,Azul,126044,AutoPrime,usado,108867
368,Nissan,Versa,2020,Cinza,141532,TopCar,usado,102311
369,Toyota,Hilux,2022,Prata,70766,DriveMax,novo,0
370,Hyundai,Tucson,2022,Cinza,64442,DriveMax,novo,0
371,Chevrolet,Onix,2021,Cinza,57258,RodaCerta,usado,29945
372,Chevrolet,Prisma,2021,Vermelho,145043,DriveMax,usado,84557
373,Volkswagen,T-Cross,2022,Branco,147768,AutoPrime,novo,0
374,Ford,EcoSport,2023,Preto,143543,AutoPrime,usado,95254
375,Honda,Civic,2020,Prata,91703,DriveMax,usado,90768
376,Volkswagen,T-Cross,2024,Verde,82355,DriveMax,usado,91828
377,Volkswagen,Gol,2020,Verde,56196,MegaMotors,usado,88595
378,Nissan,Versa,2024,Verde,130099,TopCar,usado,109315
379,Chevrolet,Onix,2025,Azul,100097,CarMaster,novo,0
380,Ford,EcoSport,2022,Preto,58869,TopCar,usado,107568
381,Volkswagen,Polo,2023,Vermelho,113998,MegaMotors,novo,0
382,Hyundai,Tucson,2024,Verde,100166,VeículoPlus,usado,109481
383,Ford,Fiesta,2025,Branco,84438,RodaCerta,usado,90751
384,Volkswagen,Gol,2025,Branco,125502,MegaMotors,usado,83826
385,Volkswagen,Gol,2021,Cinza,65192,DriveMax,novo,0
386,Toyota,Corolla,2022,Branco,121792,VeículoPlus,novo,0
387,Toyota,Yaris,2022,Prata,106233,AutoPrime,novo,0
388,Hyundai,Tucson,2022,Verde,86972,TopCar,novo,0
389,Toyota,Hilux,2024,Vermelho,66725,AutoPrime,usado,76733
390,Honda,Fit,2024,Cinza,139026,VeículoPlus,usado,54996
391,Honda,Civic,2021,Prata,115815,DriveMax,novo,0
392,Nissan,Sentra,2025,Preto,63624,MegaMotors,usado,31141
393,Chevrolet,Tracker,2024,Preto,145422,TopCar,usado,37542
394,Honda,HR-V,2025,Azul,141366,MegaMotors,novo,0
395,Chevrolet,Prisma,2023,Preto,138274,AutoPrime,novo,0
396,Toyota,Hilux,2024,Verde,130715,AutoPrime,novo,0
397,Honda,HR-V,2021,Branco,97215,CarMaster,novo,0
398,Ford,Ka,2022,Branco,78045,MegaMotors,usado,78813
399,Honda,Civic,2020,Vermelho,97861,TopCar,usado,108150
400,Chevrolet,Prisma,2023,Prata,63020,CarMaster,usado,35302
401,Toyota,Yaris,2023,Branco,47550,TopCar,novo,0
402,Nissan,Kicks,2024,Verde,142007,DriveMax,usado,59348
403,Toyota,Yaris,2024,Branco,133676,AutoPrime,novo,0
404,Hyundai,Tucson,2025,Verde,48812,DriveMax,usado,85132
405,Chevrolet,Onix,2025,Preto,50182,DriveMax,usado,84749
406,Chevrolet,Tracker,2021,Verde,71979,RodaCerta,usado,77220
407,Hyundai,Tucson,2024,Verde,135377,MegaMotors,usado,46004
408,Chevrolet,Prisma,2025,Branco,117045,VeículoPlus,novo,0
409,Honda,Civic,2020,Prata,119412,AutoPrime,novo,0
410,Hyundai,Tucson,2025,Azul,123202,RodaCerta,usado,97016
411,Honda,HR-V,2021,Azul,100628,TopCar,usado,98705
412,Honda,Fit,2022,Vermelho,93384,VeículoPlus,usado,64612
413,Honda,HR-V,2025,Branco,63884,DriveMax,novo,0
414,Toyota,Hilux,2020,Azul,109363,CarMaster,novo,0
415,Ford,Fiesta,2024,Vermelho,46799,VeículoPlus,usado,91337
416,Ford,Fiesta,2021,Verde,78020,VeículoPlus,novo,0
417,Nissan,Kicks,2025,Azul,135905,AutoPrime,usado,36414
418,Hyundai,Creta,2023,Cinza,88866,CarMaster,novo,0
419,Chevrolet,Onix,2021,Preto,66979,TopCar,usado,39185
420,Chevrolet,Prisma,2024,Cinza,52476,DriveMax,novo,0
421,Volkswagen,Gol,2025,Preto,144934,MegaMotors,usado,109332
422,Chevrolet,Prisma,2021,Vermelho,61238,VeículoPlus,novo,0
423,Toyota,Corolla,2021,Verde,146641,RodaCerta,usado,67273
424,Nissan,Sentra,2025,Branco,46189,DriveMax,usado,73202
425,Hyundai,HB20,2022,Vermelho,49153,AutoPrime,novo,0
426,Hyundai,HB20,2023,Cinza,137949,CarMaster,usado,82257
427,Toyota,Corolla,2022,Cinza,51652,MegaMotors,novo,0
428,Ford,EcoSport,2025,Azul,68964,VeículoPlus,novo,0
429,Hyundai,HB20,2021,Prata,133448,RodaCerta,novo,0
430,Nissan,Versa,2024,Azul,55760,TopCar,usado,74933
431,Ford,EcoSport,2024,Preto,79389,AutoPrime,usado,106858
432,Toyota,Yaris,2024,Verde,145312,MegaMotors,novo,0
433,Chevrolet,Prisma,2021,Prata,90748,CarMaster,novo,0
434,Nissan,Versa,2024,Preto,133440,MegaMotors,novo,0
435,Volkswagen,T-Cross,2021,Prata,59338,RodaCerta,novo,0
436,Hyundai,HB20,2022,Azul,73071,MegaMotors,usado,29416
437,Honda,HR-V,2020,Vermelho,99800,CarMaster,novo,0
438,Honda,Fit,2022,Preto,60309,RodaCerta,usado,73530
439,Honda,Civic,2020,Prata,141870,MegaMotors,usado,46869
440,Nissan,Versa,2025,Branco,83914,TopCar,novo,0
441,Ford,EcoSport,2022,Verde,122031,VeículoPlus,novo,0
442,Honda,Fit,2023,Cinza,49168,CarMaster,usado,63715
443,Volkswagen,Polo,2024,Branco,51166,AutoPrime,usado,109905
444,Toyota,Corolla,2024,Prata,111545,VeículoPlus,usado,108752
445,Chevrolet,Onix,2022,Verde,110284,DriveMax,novo,0
446,Volkswagen,Polo,2025,Preto,56218,AutoPrime,usado,45570
447,Volkswagen,Gol,2020,Vermelho,140065,TopCar,usado,109662
448,Nissan,Kicks,2022,Verde,108040,MegaMotors,novo,0
449,Honda,Civic,2022,Branco,76796,CarMaster,usado,49144
450,Chevrolet,Prisma,2020,Vermelho,137619,VeículoPlus,novo,0
451,Ford,EcoSport,2025,Azul,42411,AutoPrime,novo,0
452,Ford,EcoSport,2022,Verde,110896,AutoPrime,usado,80227
453,Honda,HR-V,2025,Verde,68962,DriveMax,usado,54470
454,Toyota,Yaris,2022,Branco,40557,VeículoPlus,novo,0
455,Toyota,Yaris,2024,Preto,40962,DriveMax,usado,25054
456,Chevrolet,Onix,2023,Verde,64486,VeículoPlus,novo,0
457,Hyundai,HB20,2021,Cinza,92146,MegaMotors,usado,95133
458,Toyota,Hilux,2022,Azul,117791,AutoPrime,usado,62636
459,Toyota,Yaris,2020,Branco,125003,TopCar,novo,0
460,Chevrolet,Prisma,2025,Vermelho,72793,MegaMotors,usado,25845
461,Hyundai,HB20,2020,Vermelho,127456,AutoPrime,usado,21453
462,Volkswagen,Gol,2021,Preto,114814,MegaMotors,usado,80766
463,Volkswagen,Gol,2024,Verde,65483,RodaCerta,novo,0
464,Honda,Civic,2020,Cinza,45909,RodaCerta,novo,0
465,Ford,Ka,2023,Azul,107532,CarMaster,novo,0
466,Hyundai,HB20,2024,Preto,67467,MegaMotors,usado,87605
467,Ford,EcoSport,2023,Cinza,110497,CarMaster,novo,0
468,Chevrolet,Tracker,2021,Verde,50750,DriveMax,novo,0
469,Hyundai,Tucson,2023,Preto,100964,MegaMotors,usado,59002
470,Chevrolet,Tracker,2024,Prata,64078,AutoPrime,usado,81824
471,Chevrolet,Onix,2024,Preto,96407,MegaMotors,usado,83751
472,Hyundai,Tucson,2020,Branco,79093,MegaMotors,novo,0
473,Toyota,Yaris,2022,Cinza,79821,TopCar,novo,0
474,Ford,EcoSport,2024,Cinza,57081,DriveMax,usado,54894
475,Honda,Civic,2024,Prata,43613,MegaMotors,usado,45813
476,Honda,HR-V,2025,Azul,58782,VeículoPlus,usado,46064
477,Toyota,Hilux,2021,Preto,137271,MegaMotors,novo,0
478,Toyota,Yaris,2023,Branco,71009,AutoPrime,novo,0
479,Hyundai,Tucson,2023,Vermelho,62994,VeículoPlus,usado,49456
480,Nissan,Versa,2024,Preto,75964,RodaCerta,novo,0
481,Ford,EcoSport,2023,Cinza,60032,DriveMax,novo,0
482,Honda,Civic,2024,Cinza,78213,CarMaster,usado,22893
483,Hyundai,Tucson,2022,Prata,87989,AutoPrime,usado,103408
484,Hyundai,Tucson,2024,Vermelho,149011,DriveMax,novo,0
485,Hyundai,HB20,2021,Preto,42798,MegaMotors,usado,101568
486,Toyota,Corolla,2023,Verde,62835,MegaMotors,novo,0
487,Chevrolet,Onix,2020,Cinza,77429,VeículoPlus,novo,0
488,Volkswagen,T-Cross,2025,Preto,124798,RodaCerta,novo,0
489,Ford,Ka,2024,Prata,83945,RodaCerta,novo,0
490,Chevrolet,Tracker,2022,Azul,60447,TopCar,novo,0
491,Ford,Fiesta,2025,Vermelho,93737,MegaMotors,novo,0
492,Honda,Civic,2022,Branco,131368,RodaCerta,usado,60475
493,Chevrolet,Tracker,2021,Verde,130001,TopCar,usado,105882
494,Ford,Ka,2025,Vermelho,79513,VeículoPlus,novo,0
495,Toyota,Hilux,2021,Vermelho,51579,AutoPrime,novo,0
496,Honda,Fit,2022,Prata,108782,AutoPrime,usado,75739
497,Honda,HR-V,2025,Branco,135274,RodaCerta,usado,45947
498,Toyota,Corolla,2024,Prata,50088,VeículoPlus,usado,92468
499,Nissan,Kicks,2020,Cinza,67600,TopCar,novo,0
500,Toyota,Hilux,2020,Azul,130098,VeículoPlus,usado,56164
501,Honda,Civic,2022,Cinza,116729,CarMaster,usado,90970
502,Chevrolet,Onix,2021,Cinza,144893,VeículoPlus,usado,93933
503,Volkswagen,T-Cross,2025,Prata,71302,MegaMotors,usado,61432
504,Volkswagen,Gol,2021,Branco,100534,TopCar,novo,0
505,Nissan,Versa,2022,Verde,113566,CarMaster,novo,0
506,Chevrolet,Prisma,2023,Vermelho,110394,CarMaster,usado,109058
507,Volkswagen,T-Cross,2022,Prata,133356,MegaMotors,novo,0
508,Toyota,Yaris,2025,Verde,42724,CarMaster,novo,0
509,Honda,Civic,2020,Prata,92661,VeículoPlus,novo,0
510,Toyota,Yaris,2021,Prata,42248,RodaCerta,usado,90005
511,Toyota,Hilux,2022,Preto,123627,MegaMotors,novo,0
512,Ford,Ka,2022,Preto,57151,CarMaster,novo,0
513,Chevrolet,Tracker,2025,Verde,126205,VeículoPlus,usado,70627
514,Ford,Fiesta,2021,Verde,111538,RodaCerta,usado,43409
515,Honda,HR-V,2021,Prata,99056,AutoPrime,novo,0
516,Hyundai,HB20,2023,Prata,134478,TopCar,usado,103604
517,Ford,Ka,2020,Verde,46215,AutoPrime,novo,0
518,Toyota,Corolla,2025,Verde,108332,TopCar,novo,0
519,Honda,Fit,2021,Azul,128869,TopCar,usado,70224
520,Nissan,Kicks,2021,Preto,89281,DriveMax,novo,0
521,Toyota,Yaris,2024,Verde,81370,VeículoPlus,usado,50073
522,Toyota,Corolla,2021,Prata,73754,AutoPrime,usado,78474
523,Honda,HR-V,2021,Verde,65878,AutoPrime,usado,39792
524,Hyundai,Tucson,2023,Verde,149027,AutoPrime,usado,72541
525,Nissan,Sentra,2025,Azul,55390,AutoPrime,novo,0
526,Volkswagen,T-Cross,2023,Azul,41134,DriveMax,novo,0
527,Toyota,Hilux,2020,Branco,77332,TopCar,usado,77438
528,Hyundai,Creta,2021,Cinza,143943,DriveMax,usado,87015
529,Honda,Fit,2022,Azul,61631,RodaCerta,usado,83389
530,Hyundai,HB20,2020,Verde,97297,AutoPrime,novo,0
531,Chevrolet,Onix,2025,Azul,98767,AutoPrime,novo,0
532,Nissan,Versa,2025,Cinza,107125,TopCar,novo,0
533,Toyota,Corolla,2024,Preto,90126,DriveMax,novo,0
534,Toyota,Hilux,2021,Verde,78774,CarMaster,novo,0
535,Hyundai,Tucson,2022,Azul,49911,AutoPrime,novo,0
536,Toyota,Hilux,2025,Prata,121808,DriveMax,usado,26762
537,Ford,EcoSport,2020,Cinza,62523,CarMaster,usado,106309
538,Hyundai,HB20,2023,Branco,51222,CarMaster,novo,0
539,Volkswagen,Polo,2021,Verde,92132,CarMaster,novo,0
540,Volkswagen,Polo,2023,Azul,82704,CarMaster,usado,94431
541,Honda,HR-V,2020,Cinza,42649,RodaCerta,usado,83388
542,Nissan,Kicks,2022,Preto,136383,CarMaster,usado,90292
543,Toyota,Corolla,2024,Azul,57756,DriveMax,usado,71541
544,Volkswagen,Polo,2022,Prata,135513,DriveMax,novo,0
545,Nissan,Sentra,2021,Branco,53713,RodaCerta,novo,0
546,Nissan,Sentra,2024,Vermelho,126888,DriveMax,novo,0
547,Volkswagen,Gol,2023,Preto,102345,MegaMotors,novo,0
548,Volkswagen,Gol,2022,Verde,76031,TopCar,usado,101871
549,Ford,Fiesta,2025,Branco,118197,AutoPrime,usado,38137
550,Ford,Fiesta,2025,Prata,88403,DriveMax,usado,70656
551,Honda,Civic,2021,Preto,144350,CarMaster,usado,96291
552,Volkswagen,T-Cross,2025,Branco,115202,TopCar,novo,0
553,Ford,Ka,2025,Branco,45165,AutoPrime,novo,0
554,Nissan,Sentra,2021,Cinza,78721,TopCar,novo,0
555,Honda,Fit,2021,Vermelho,133476,MegaMotors,novo,0
556,Volkswagen,Gol,2023,Azul,70050,DriveMax,novo,0
557,Ford,Fiesta,2021,Prata,129944,DriveMax,novo,0
558,Nissan,Sentra,2023,Preto,72754,CarMaster,novo,0
559,Hyundai,Tucson,2020,Preto,85681,MegaMotors,usado,28933
560,Ford,Fiesta,2025,Cinza,42013,CarMaster,usado,35488
561,Nissan,Kicks,2021,Branco,132644,MegaMotors,usado,79603
562,Volkswagen,Gol,2025,Vermelho,125650,VeículoPlus,usado,61465
563,Hyundai,Tucson,2021,Vermelho,126321,VeículoPlus,novo,0
564,Volkswagen,Polo,2025,Azul,108149,CarMaster,novo,0
565,Chevrolet,Tracker,2024,Prata,76785,CarMaster,novo,0
566,Honda,Fit,2020,Cinza,81892,AutoPrime,usado,66740
567,Nissan,Sentra,2024,Cinza,133022,RodaCerta,usado,107061
568,Toyota,Hilux,2024,Vermelho,147455,TopCar,usado,97110
569,Hyundai,HB20,2025,Branco,138504,RodaCerta,novo,0
570,Hyundai,Tucson,2025,Cinza,43629,VeículoPlus,usado,73126
571,Chevrolet,Prisma,2021,Branco,86153,RodaCerta,novo,0
572,Hyundai,HB20,2024,Verde,149270,VeículoPlus,novo,0
573,Ford,Fiesta,2024,Cinza,143541,CarMaster,novo,0
574,Ford,Ka,2024,Azul,113466,AutoPrime,novo,0
575,Volkswagen,Gol,2024,Verde,61234,MegaMotors,usado,34112
576,Ford,Fiesta,2025,Preto,42000,DriveMax,novo,0
577,Nissan,Sentra,2025,Preto,120826,DriveMax,usado,60566
578,Nissan,Kicks,2023,Preto,68922,TopCar,usado,92609
579,Nissan,Kicks,2021,Prata,87406,AutoPrime,novo,0
580,Nissan,Kicks,2024,Azul,42366,CarMaster,novo,0
581,Hyundai,HB20,2024,Verde,76693,VeículoPlus,usado,94666
582,Toyota,Yaris,2020,Preto,120727,MegaMotors,usado,30679
583,Toyota,Hilux,2025,Azul,94990,RodaCerta,usado,86269
584,Nissan,Sentra,2024,Vermelho,122700,TopCar,novo,0
585,Volkswagen,Gol,2022,Vermelho,147454,TopCar,novo,0
586,Toyota,Yaris,2021,Preto,121392,VeículoPlus,novo,0
587,Toyota,Hilux,2021,Azul,67603,DriveMax,usado,38768
588,Ford,EcoSport,2020,Verde,55962,AutoPrime,usado,105429
589,Nissan,Versa,2023,Verde,44180,MegaMotors,usado,104421
590,Nissan,Kicks,2025,Vermelho,74892,TopCar,usado,27094
591,Volkswagen,Gol,2024,Verde,56020,DriveMax,usado,82396
592,Chevrolet,Tracker,2022,Cinza,40318,AutoPrime,novo,0
593,Volkswagen,Gol,2025,Azul,51038,MegaMotors,usado,49345
594,Chevrolet,Prisma,2022,Branco,141701,AutoPrime,usado,55285
595,Chevrolet,Onix,2021,Cinza,42515,RodaCerta,novo,0
596,Honda,Civic,2023,Prata,102656,MegaMotors,novo,0
597,Volkswagen,T-Cross,2021,Verde,58453,TopCar,novo,0
598,Honda,Fit,2020,Verde,80317,VeículoPlus,novo,0
599,Nissan,Sentra,2021,Prata,101254,MegaMotors,novo,0
600,Volkswagen,T-Cross,2021,Cinza,100878,VeículoPlus,novo,0
601,Nissan,Kicks,2024,Prata,85291,DriveMax,usado,39012
602,Hyundai,Creta,2021,Preto,131091,AutoPrime,usado,104303
603,Chevrolet,Tracker,2022,Prata,126959,MegaMotors,usado,105472
604,Chevrolet,Tracker,2022,Vermelho,127707,VeículoPlus,novo,0
605,Ford,Ka,2021,Azul,138112,AutoPrime,novo,0
606,Chevrolet,Onix,2023,Vermelho,45311,DriveMax,novo,0
607,Chevrolet,Prisma,2021,Vermelho,75722,MegaMotors,novo,0
608,Hyundai,HB20,2020,Preto,93455,TopCar,usado,76745
609,Volkswagen,Polo,2021,Vermelho,95745,TopCar,novo,0
610,Ford,Ka,2021,Verde,40654,RodaCerta,usado,52158
611,Hyundai,Creta,2022,Preto,137351,TopCar,novo,0
612,Hyundai,Creta,2021,Preto,68190,MegaMotors,novo,0
613,Volkswagen,Gol,2022,Vermelho,139128,CarMaster,novo,0
614,Nissan,Versa,2020,Vermelho,117812,AutoPrime,novo,0
615,Toyota,Hilux,2025,Cinza,92814,VeículoPlus,usado,64310
616,Volkswagen,T-Cross,2022,Prata,76449,RodaCerta,usado,77232
617,Hyundai,Creta,2020,Verde,63785,DriveMax,usado,38890
618,Toyota,Corolla,2023,Cinza,92645,MegaMotors,usado,92460
619,Volkswagen,T-Cross,2022,Branco,106854,DriveMax,novo,0
620,Toyota,Hilux,2025,Preto,86964,CarMaster,novo,0
621,Hyundai,Creta,2021,Azul,133386,MegaMotors,usado,63412
622,Ford,Fiesta,2024,Vermelho,131683,CarMaster,usado,104105
623,Toyota,Hilux,2022,Vermelho,79606,VeículoPlus,usado,62584
624,Chevrolet,Tracker,2025,Vermelho,123553,VeículoPlus,usado,64164
625,Ford,Fiesta,2025,Branco,56462,CarMaster,usado,55499
626,Chevrolet,Prisma,2024,Preto,108677,DriveMax,usado,62257
627,Toyota,Corolla,2020,Verde,62161,TopCar,usado,54827
628,Ford,Fiesta,2021,Cinza,119972,CarMaster,novo,0
629,Chevrolet,Prisma,2023,Vermelho,124323,VeículoPlus,novo,0
630,Honda,HR-V,2023,Vermelho,119824,TopCar,novo,0
631,Toyota,Yaris,2021,Branco,145960,DriveMax,usado,35800
632,Nissan,Sentra,2023,Vermelho,119639,TopCar,novo,0
633,Chevrolet,Prisma,2020,Vermelho,116996,TopCar,usado,50911
634,Ford,Ka,2022,Azul,100280,VeículoPlus,novo,0
635,Volkswagen,Gol,2024,Prata,99197,MegaMotors,novo,0
636,Ford,Fiesta,2020,Verde,52883,RodaCerta,novo,0
637,Hyundai,Creta,2024,Branco,139622,AutoPrime,novo,0
638,Toyota,Hilux,2023,Prata,83166,AutoPrime,usado,27867
639,Toyota,Yaris,2020,Prata,70737,CarMaster,usado,105759
640,Toyota,Corolla,2021,Branco,60566,MegaMotors,novo,0
641,Toyota,Hilux,2020,Vermelho,148064,VeículoPlus,usado,52649
642,Honda,Civic,2023,Vermelho,134348,DriveMax,novo,0
643,Toyota,Hilux,2022,Branco,73443,MegaMotors,novo,0
644,Chevrolet,Onix,2020,Azul,51673,AutoPrime,usado,58157
645,Hyundai,HB20,2024,Verde,47893,DriveMax,novo,0
646,Honda,Civic,2021,Cinza,116944,MegaMotors,novo,0
647,Honda,HR-V,2024,Prata,66343,CarMaster,novo,0
648,Hyundai,Creta,2021,Azul,130246,CarMaster,novo,0
649,Hyundai,HB20,2024,Vermelho,51474,VeículoPlus,novo,0
650,Honda,HR-V,2024,Branco,41492,VeículoPlus,usado,67603
651,Nissan,Versa,2024,Cinza,143234,VeículoPlus,usado,69467
652,Hyundai,HB20,2022,Prata,134437,AutoPrime,novo,0
653,Hyundai,Tucson,2025,Vermelho,126513,MegaMotors,usado,109598
654,Nissan,Sentra,2023,Azul,146689,RodaCerta,usado,60480
655,Nissan,Versa,2024,Prata,120079,TopCar,usado,44452
656,Volkswagen,Polo,2020,Vermelho,77227,VeículoPlus,novo,0
657,Ford,Fiesta,2022,Prata,74199,DriveMax,usado,52520
658,Chevrolet,Tracker,2021,Prata,61574,RodaCerta,novo,0
659,Volkswagen,T-Cross,2024,Verde,84139,DriveMax,novo,0
660,Chevrolet,Prisma,2020,Branco,144956,CarMaster,novo,0
661,Toyota,Hilux,2023,Cinza,94456,CarMaster,novo,0
662,Hyundai,HB20,2021,Vermelho,94740,CarMaster,usado,45654
663,Hyundai,Creta,2024,Prata,100198,AutoPrime,usado,75736
664,Honda,Civic,2025,Preto,55283,MegaMotors,novo,0
665,Nissan,Versa,2024,Prata,78629,RodaCerta,usado,30166
666,Ford,Ka,2020,Verde,89658,RodaCerta,usado,45770
667,Hyundai,Tucson,2020,Prata,79806,DriveMax,usado,38774
668,Nissan,Sentra,2021,Azul,131640,VeículoPlus,usado,69617
669,Nissan,Sentra,2025,Vermelho,60535,VeículoPlus,novo,0
670,Nissan,Versa,2023,Azul,105943,DriveMax,usado,109577
671,Nissan,Versa,2022,Preto,71148,DriveMax,novo,0
672,Chevrolet,Prisma,2023,Cinza,94814,DriveMax,novo,0
673,Toyota,Corolla,2025,Prata,55151,VeículoPlus,usado,82173
674,Volkswagen,Gol,2024,Branco,108092,MegaMotors,usado,57810
675,Honda,Civic,2022,Azul,81477,MegaMotors,novo,0
676,Nissan,Kicks,2021,Vermelho,79335,TopCar,usado,59435
677,Toyota,Corolla,2024,Vermelho,46020,MegaMotors,novo,0
678,Honda,Fit,2020,Preto,55747,AutoPrime,novo,0
679,Nissan,Versa,2025,Branco,83079,AutoPrime,novo,0
680,Nissan,Kicks,2023,Azul,134745,VeículoPlus,usado,36597
681,Hyundai,HB20,2022,Vermelho,73672,TopCar,novo,0
682,Volkswagen,Polo,2021,Prata,148678,VeículoPlus,usado,29496
683,Honda,Fit,2021,Preto,141773,DriveMax,novo,0
684,Ford,EcoSport,2023,Cinza,98377,MegaMotors,novo,0
685,Volkswagen,T-Cross,2025,Branco,74922,AutoPrime,usado,76953
686,Toyota,Corolla,2025,Preto,107604,RodaCerta,novo,0
687,Nissan,Kicks,2023,Branco,121520,CarMaster,novo,0
688,Nissan,Kicks,2024,Verde,117419,AutoPrime,usado,49108
689,Honda,Fit,2025,Vermelho,102393,RodaCerta,usado,70338
690,Honda,HR-V,2022,Prata,101025,TopCar,usado,39750
691,Nissan,Sentra,2025,Verde,147797,CarMaster,usado,47091
692,Volkswagen,Polo,2025,Cinza,50077,AutoPrime,novo,0
693,Hyundai,Tucson,2023,Branco,45792,DriveMax,usado,108093
694,Chevrolet,Prisma,2025,Preto,63287,TopCar,novo,0
695,Ford,Fiesta,2024,Prata,128315,AutoPrime,usado,89890
696,Ford,Fiesta,2024,Azul,88057,MegaMotors,novo,0
697,Ford,EcoSport,2024,Branco,68976,DriveMax,usado,36730
698,Chevrolet,Prisma,2021,Cinza,120817,MegaMotors,novo,0
699,Honda,HR-V,2025,Prata,79205,TopCar,usado,99060
700,Honda,Fit,2022,Prata,143973,VeículoPlus,usado,96792
701,Hyundai,Creta,2023,Preto,74600,DriveMax,usado,98321
702,Ford,Fiesta,2023,Cinza,111024,TopCar,usado,51946
703,Honda,HR-V,2021,Branco,111868,VeículoPlus,usado,91545
704,Chevrolet,Prisma,2024,Prata,82158,DriveMax,novo,0
705,Honda,Fit,2021,Prata,67671,AutoPrime,usado,86719
706,Honda,HR-V,2025,Verde,55435,DriveMax,novo,0
707,Chevrolet,Onix,2023,Branco,120474,TopCar,novo,0
708,Ford,EcoSport,2020,Vermelho,62550,AutoPrime,novo,0
709,Volkswagen,T-Cross,2020,Vermelho,65812,AutoPrime,usado,36862
710,Nissan,Sentra,2024,Verde,147422,DriveMax,novo,0
711,Ford,EcoSport,2025,Prata,65079,MegaMotors,novo,0
712,Nissan,Versa,2022,Preto,117893,DriveMax,usado,28271
713,Volkswagen,Gol,2022,Verde,57767,TopCar,novo,0
714,Chevrolet,Onix,2021,Preto,77586,VeículoPlus,novo,0
715,Toyota,Hilux,2023,Branco,117664,RodaCerta,usado,68320
716,Nissan,Sentra,2024,Verde,118121,VeículoPlus,usado,43433
717,Chevrolet,Onix,2020,Cinza,123093,DriveMax,novo,0
718,Nissan,Sentra,2021,Verde,82124,DriveMax,usado,52722
719,Nissan,Kicks,2024,Preto,137566,AutoPrime,usado,24901
720,Nissan,Sentra,2023,Vermelho,41561,MegaMotors,novo,0
721,Toyota,Corolla,2023,Cinza,59877,DriveMax,usado,61911
722,Nissan,Versa,2022,Verde,114752,VeículoPlus,novo,0
723,Ford,Fiesta,2022,Preto,53216,RodaCerta,usado,41257
724,Ford,Fiesta,2020,Verde,133542,MegaMotors,novo,0
725,Volkswagen,Gol,2025,Prata,50131,CarMaster,novo,0
726,Ford,Fiesta,2024,Prata,123356,VeículoPlus,novo,0
727,Nissan,Versa,2025,Prata,131857,AutoPrime,novo,0
728,Hyundai,Creta,2023,Azul,87497,RodaCerta,novo,0
729,Toyota,Hilux,2022,Branco,134248,AutoPrime,usado,106587
730,Ford,Ka,2021,Branco,76981,MegaMotors,usado,22762
731,Volkswagen,Polo,2021,Verde,126451,DriveMax,usado,78058
732,Honda,HR-V,2024,Prata,123367,AutoPrime,usado,64701
733,Volkswagen,Polo,2020,Verde,105872,MegaMotors,usado,82980
734,Ford,EcoSport,2022,Verde,68657,DriveMax,novo,0
735,Toyota,Corolla,2023,Cinza,134074,RodaCerta,usado,90002
736,Hyundai,Tucson,2025,Vermelho,110001,VeículoPlus,novo,0
737,Honda,Civic,2022,Preto,71990,AutoPrime,novo,0
738,Hyundai,Creta,2023,Branco,137819,MegaMotors,usado,95842
739,Volkswagen,Polo,2024,Cinza,148040,VeículoPlus,usado,72785
740,Nissan,Versa,2021,Prata,90951,CarMaster,usado,69409
741,Chevrolet,Prisma,2023,Preto,132782,DriveMax,usado,68077
742,Ford,Ka,2023,Vermelho,83510,MegaMotors,usado,102115
743,Toyota,Hilux,2024,Verde,148498,DriveMax,novo,0
744,Toyota,Corolla,2023,Prata,141331,MegaMotors,novo,0
745,Toyota,Corolla,2022,Branco,126343,AutoPrime,novo,0
746,Hyundai,HB20,2022,Prata,68498,MegaMotors,novo,0
747,Toyota,Hilux,2022,Prata,56011,DriveMax,usado,42475
748,Hyundai,Creta,2021,Azul,149293,DriveMax,usado,37895
749,Honda,Fit,2022,Cinza,128074,AutoPrime,novo,0
750,Chevrolet,Onix,2020,Prata,40806,AutoPrime,usado,52045
751,Nissan,Kicks,2024,Azul,42924,MegaMotors,novo,0
752,Volkswagen,Gol,2024,Verde,115832,AutoPrime,novo,0
753,Hyundai,Creta,2025,Prata,79534,MegaMotors,novo,0
754,Nissan,Versa,2021,Preto,107833,MegaMotors,novo,0
755,Hyundai,Creta,2022,Prata,129254,TopCar,novo,0
756,Honda,HR-V,2022,Prata,72588,VeículoPlus,usado,21053
757,Toyota,Corolla,2023,Verde,67531,RodaCerta,usado,43116
758,Toyota,Hilux,2021,Prata,98404,RodaCerta,usado,34189
759,Hyundai,HB20,2022,Preto,130039,VeículoPlus,usado,78289
760,Ford,EcoSport,2020,Cinza,84961,CarMaster,usado,59784
761,Toyota,Yaris,2020,Prata,149813,VeículoPlus,usado,73049
762,Nissan,Kicks,2025,Prata,82873,RodaCerta,usado,49103
763,Nissan,Versa,2023,Verde,54179,AutoPrime,usado,44080
764,Toyota,Corolla,2024,Preto,58218,TopCar,usado,33623
765,Volkswagen,T-Cross,2025,Vermelho,107634,RodaCerta,novo,0
766,Ford,EcoSport,2021,Vermelho,143394,CarMaster,novo,0
767,Volkswagen,T-Cross,2020,Azul,40338,MegaMotors,novo,0
768,Volkswagen,Gol,2020,Vermelho,88686,MegaMotors,novo,0
769,Toyota,Yaris,2022,Vermelho,49621,AutoPrime,usado,33037
770,Nissan,Sentra,2024,Cinza,79226,DriveMax,novo,0
771,Hyundai,HB20,2022,Cinza,124014,DriveMax,usado,76179
772,Hyundai,Tucson,2023,Vermelho,132932,RodaCerta,usado,25483
773,Volkswagen,Polo,2023,Branco,88139,MegaMotors,novo,0
774,Toyota,Yaris,2023,Preto,40961,MegaMotors,novo,0
775,Chevrolet,Prisma,2022,Prata,62398,MegaMotors,novo,0
776,Nissan,Sentra,2025,Branco,70509,DriveMax,usado,74202
777,Chevrolet,Tracker,2022,Cinza,44083,CarMaster,usado,107167
778,Chevrolet,Tracker,2025,Branco,90995,AutoPrime,usado,97368
779,Chevrolet,Prisma,2023,Verde,41456,CarMaster,usado,29957
780,Chevrolet,Onix,2024,Prata,106531,MegaMotors,usado,82444
781,Nissan,Kicks,2022,Preto,88276,VeículoPlus,usado,79072
782,Ford,Ka,2024,Vermelho,95918,DriveMax,usado,26095
783,Volkswagen,Gol,2025,Vermelho,50366,RodaCerta,novo,0
784,Ford,EcoSport,2021,Preto,76086,CarMaster,novo,0
785,Nissan,Kicks,2024,Branco,85585,CarMaster,usado,52249
786,Nissan,Sentra,2023,Verde,52755,MegaMotors,usado,101124
787,Honda,Fit,2025,Prata,79154,TopCar,novo,0
788,Hyundai,Creta,2024,Cinza,108557,CarMaster,novo,0
789,Volkswagen,Gol,2024,Branco,101900,AutoPrime,novo,0
790,Volkswagen,T-Cross,2020,Cinza,105679,DriveMax,novo,0
791,Ford,Fiesta,2023,Preto,108396,CarMaster,novo,0
792,Toyota,Corolla,2022,Azul,87847,VeículoPlus,usado,27913
793,Nissan,Kicks,2022,Branco,53168,TopCar,novo,0
794,Ford,Ka,2025,Vermelho,64051,VeículoPlus,usado,81436
795,Honda,HR-V,2020,Vermelho,99340,VeículoPlus,novo,0
796,Nissan,Sentra,2025,Cinza,122056,MegaMotors,usado,30833
797,Toyota,Hilux,2025,Vermelho,49049,RodaCerta,novo,0
798,Hyundai,Tucson,2025,Verde,96617,AutoPrime,usado,76263
799,Hyundai,Tucson,2022,Vermelho,123267,TopCar,novo,0
800,Chevrolet,Tracker,2025,Azul,134975,CarMaster,usado,42731
801,Nissan,Versa,2020,Preto,91534,VeículoPlus,usado,88943
802,Nissan,Sentra,2023,Verde,50982,DriveMax,novo,0
803,Ford,Ka,2021,Azul,56761,VeículoPlus,novo,0
804,Toyota,Corolla,2024,Verde,49446,AutoPrime,novo,0
805,Chevrolet,Tracker,2022,Cinza,106430,CarMaster,novo,0
806,Toyota,Hilux,2023,Branco,46711,CarMaster,usado,26188
807,Chevrolet,Tracker,2024,Vermelho,96212,CarMaster,novo,0
808,Nissan,Sentra,2025,Vermelho,137278,AutoPrime,usado,83022
809,Ford,Ka,2021,Azul,76068,CarMaster,usado,46241
810,Nissan,Kicks,2020,Azul,40133,CarMaster,novo,0
811,Nissan,Sentra,2023,Verde,120217,MegaMotors,usado,67003
812,Honda,HR-V,2020,Cinza,109985,DriveMax,novo,0
813,Toyota,Corolla,2021,Branco,124866,MegaMotors,usado,86564
814,Toyota,Corolla,2022,Prata,131414,MegaMotors,novo,0
815,Chevrolet,Tracker,2025,Verde,81786,TopCar,novo,0
816,Nissan,Kicks,2021,Verde,121103,VeículoPlus,usado,87065
817,Volkswagen,Polo,2021,Preto,42069,AutoPrime,usado,44688
818,Ford,Fiesta,2023,Verde,115330,MegaMotors,novo,0
819,Honda,Civic,2023,Azul,77259,DriveMax,novo,0
820,Volkswagen,Polo,2022,Prata,76953,VeículoPlus,novo,0
821,Chevrolet,Prisma,2023,Branco,142773,RodaCerta,usado,28352
822,Nissan,Versa,2025,Azul,111402,DriveMax,novo,0
823,Ford,EcoSport,2023,Vermelho,90657,VeículoPlus,novo,0
824,Volkswagen,Gol,2024,Azul,89169,RodaCerta,usado,54205
825,Hyundai,Tucson,2020,Cinza,119597,AutoPrime,novo,0
826,Toyota,Yaris,2023,Azul,87622,AutoPrime,usado,49314
827,Volkswagen,T-Cross,2020,Preto,74184,DriveMax,usado,58392
828,Nissan,Kicks,2022,Cinza,47793,MegaMotors,usado,35632
829,Toyota,Yaris,2023,Cinza,59651,MegaMotors,usado,34441
830,Chevrolet,Onix,2020,Preto,84836,VeículoPlus,usado,30384
831,Hyundai,HB20,2021,Preto,55424,TopCar,usado,107883
832,Toyota,Hilux,2020,Cinza,125056,MegaMotors,usado,23384
833,Toyota,Corolla,2022,Preto,93212,CarMaster,novo,0
834,Chevrolet,Prisma,2023,Cinza,112523,CarMaster,novo,0
835,Ford,Ka,2023,Azul,56253,TopCar,usado,94817
836,Toyota,Yaris,2020,Verde,61910,CarMaster,novo,0
837,Ford,EcoSport,2021,Preto,100587,AutoPrime,novo,0
838,Hyundai,Creta,2020,Branco,93886,RodaCerta,usado,64464
839,Chevrolet,Onix,2023,Azul,101364,MegaMotors,usado,95627
840,Ford,EcoSport,2020,Branco,83427,RodaCerta,novo,0
841,Nissan,Versa,2020,Cinza,149624,VeículoPlus,novo,0
842,Hyundai,Tucson,2021,Azul,82636,VeículoPlus,usado,94020
843,Volkswagen,Polo,2023,Branco,85701,TopCar,usado,59961
844,Toyota,Hilux,2024,Verde,124249,RodaCerta,usado,94618
845,Volkswagen,Gol,2024,Branco,98765,CarMaster,novo,0
846,Hyundai,HB20,2023,Azul,113501,DriveMax,novo,0
847,Chevrolet,Onix,2020,Vermelho,84573,RodaCerta,novo,0
848,Hyundai,HB20,2024,Prata,140429,DriveMax,usado,64956
849,Toyota,Yaris,2022,Cinza,52264,AutoPrime,novo,0
850,Ford,Fiesta,2025,Azul,105233,TopCar,novo,0
851,Ford,Fiesta,2021,Prata,72564,DriveMax,novo,0
852,Chevrolet,Tracker,2021,Verde,44034,DriveMax,novo,0
853,Chevrolet,Onix,2020,Verde,69663,RodaCerta,usado,71209
854,Nissan,Kicks,2021,Vermelho,49456,AutoPrime,novo,0
855,Nissan,Versa,2023,Prata,62462,AutoPrime,usado,78185
856,Honda,Civic,2024,Preto,132827,MegaMotors,novo,0
857,Volkswagen,Polo,2022,Preto,58473,AutoPrime,novo,0
858,Volkswagen,T-Cross,2022,Prata,77482,TopCar,usado,86556
859,Ford,Fiesta,2024,Preto,50294,RodaCerta,novo,0
860,Toyota,Corolla,2025,Azul,130665,DriveMax,novo,0
861,Toyota,Yaris,2023,Preto,41747,CarMaster,usado,55034
862,Hyundai,Tucson,2024,Preto,138001,AutoPrime,novo,0
863,Toyota,Corolla,2020,Azul,103927,VeículoPlus,usado,21615
864,Nissan,Sentra,2024,Cinza,57942,DriveMax,novo,0
865,Nissan,Kicks,2022,Cinza,126600,DriveMax,usado,52909
866,Hyundai,Creta,2024,Vermelho,123465,TopCar,usado,100397
867,Chevrolet,Prisma,2023,Cinza,76325,RodaCerta,usado,51196
868,Ford,Ka,2020,Prata,93257,DriveMax,usado,43943
869,Volkswagen,T-Cross,2025,Vermelho,59648,DriveMax,usado,91772
870,Nissan,Sentra,2025,Preto,109100,RodaCerta,usado,90915
871,Chevrolet,Tracker,2025,Preto,122359,MegaMotors,usado,36161
872,Chevrolet,Prisma,2021,Vermelho,146338,RodaCerta,novo,0
873,Toyota,Yaris,2021,Prata,96150,TopCar,novo,0
874,Ford,Ka,2023,Prata,145108,DriveMax,novo,0
875,Hyundai,Tucson,2024,Prata,110625,CarMaster,usado,22514
876,Toyota,Corolla,2024,Prata,114794,MegaMotors,usado,109630
877,Ford,Ka,2024,Azul,65331,VeículoPlus,novo,0
878,Ford,Ka,2024,Prata,140651,MegaMotors,novo,0
879,Honda,Fit,2025,Azul,115467,DriveMax,usado,109833
880,Volkswagen,Gol,2022,Verde,122128,CarMaster,usado,25412
881,Honda,Civic,2022,Vermelho,54189,CarMaster,usado,43066
882,Chevrolet,Prisma,2022,Prata,127892,AutoPrime,usado,76697
883,Nissan,Kicks,2022,Branco,67446,CarMaster,usado,69915
884,Nissan,Versa,2020,Vermelho,126452,AutoPrime,usado,75619
885,Ford,Fiesta,2023,Azul,45501,AutoPrime,usado,36042
886,Hyundai,Tucson,2022,Branco,114959,AutoPrime,novo,0
887,Toyota,Corolla,2020,Preto,87283,RodaCerta,usado,68869
888,Volkswagen,Polo,2021,Cinza,57354,CarMaster,usado,70736
889,Nissan,Versa,2023,Vermelho,117371,CarMaster,novo,0
890,Honda,HR-V,2022,Vermelho,53900,MegaMotors,usado,59222
891,Toyota,Hilux,2020,Azul,93392,MegaMotors,usado,73597
892,Toyota,Corolla,2021,Verde,96604,CarMaster,usado,25255
893,Volkswagen,Gol,2024,Vermelho,128619,VeículoPlus,novo,0
894,Ford,Fiesta,2022,Branco,63868,AutoPrime,usado,102715
895,Volkswagen,Gol,2024,Cinza,74274,CarMaster,novo,0
896,Volkswagen,Polo,2022,Prata,88915,DriveMax,novo,0
897,Chevrolet,Onix,2020,Preto,147471,RodaCerta,novo,0
898,Hyundai,Creta,2021,Branco,142407,AutoPrime,usado,57790
899,Volkswagen,T-Cross,2023,Verde,116774,DriveMax,usado,101934
900,Hyundai,HB20,2025,Prata,129718,AutoPrime,novo,0
901,Ford,Ka,2024,Preto,58941,MegaMotors,usado,49386
902,Toyota,Corolla,2020,Azul,80561,MegaMotors,novo,0
903,Honda,Civic,2025,Vermelho,88402,DriveMax,usado,59971
904,Honda,Fit,2022,Verde,76724,AutoPrime,usado,103237
905,Nissan,Sentra,2025,Cinza,86465,RodaCerta,novo,0
906,Chevrolet,Prisma,2023,Azul,93664,CarMaster,usado,28349
907,Honda,Civic,2023,Cinza,40309,MegaMotors,novo,0
908,Hyundai,Creta,2025,Prata,65864,RodaCerta,usado,71323
909,Hyundai,HB20,2021,Cinza,42793,RodaCerta,usado,104838
910,Chevrolet,Prisma,2020,Verde,69692,DriveMax,novo,0
911,Toyota,Hilux,2023,Azul,52755,CarMaster,novo,0
912,Nissan,Sentra,2023,Verde,72361,VeículoPlus,usado,33000
913,Chevrolet,Prisma,2023,Branco,86312,AutoPrime,novo,0
914,Honda,Fit,2023,Cinza,127940,CarMaster,usado,26035
915,Nissan,Sentra,2021,Cinza,131971,DriveMax,novo,0
916,Ford,EcoSport,2021,Vermelho,51999,AutoPrime,usado,78639
917,Hyundai,Creta,2024,Azul,93409,VeículoPlus,usado,67143
918,Volkswagen,T-Cross,2025,Preto,87172,VeículoPlus,novo,0
919,Honda,Fit,2023,Prata,65525,AutoPrime,usado,59029
920,Chevrolet,Onix,2021,Azul,66103,CarMaster,usado,98940
921,Nissan,Sentra,2022,Vermelho,113588,CarMaster,usado,21561
922,Toyota,Corolla,2021,Azul,68197,DriveMax,usado,60794
923,Hyundai,Tucson,2023,Vermelho,59108,RodaCerta,novo,0
924,Toyota,Yaris,2024,Branco,70211,CarMaster,usado,21243
925,Chevrolet,Tracker,2025,Verde,45710,DriveMax,usado,24625
926,Ford,Fiesta,2022,Azul,53310,DriveMax,novo,0
927,Toyota,Corolla,2023,Prata,58212,AutoPrime,novo,0
928,Toyota,Hilux,2025,Vermelho,75766,VeículoPlus,usado,72512
929,Chevrolet,Onix,2025,Cinza,66617,CarMaster,usado,32459
930,Hyundai,Tucson,2025,Branco,44444,AutoPrime,novo,0
931,Toyota,Corolla,2022,Cinza,135873,TopCar,usado,30026
932,Ford,EcoSport,2024,Cinza,44539,CarMaster,usado,109639
933,Hyundai,Creta,2025,Cinza,106685,RodaCerta,novo,0
934,Ford,Fiesta,2023,Cinza,51203,RodaCerta,novo,0
935,Honda,Fit,2021,Cinza,107604,MegaMotors,usado,56600
936,Nissan,Sentra,2023,Preto,145859,DriveMax,usado,39779
937,Toyota,Corolla,2023,Verde,106636,AutoPrime,usado,48695
938,Honda,Civic,2024,Verde,45770,RodaCerta,novo,0
939,Nissan,Kicks,2024,Branco,138423,VeículoPlus,novo,0
940,Volkswagen,Gol,2022,Vermelho,65230,AutoPrime,novo,0
941,Ford,EcoSport,2022,Prata,125369,RodaCerta,novo,0
942,Hyundai,HB20,2022,Branco,140181,AutoPrime,usado,58876
943,Nissan,Kicks,2020,Azul,124914,CarMaster,novo,0
944,Toyota,Hilux,2020,Branco,116525,TopCar,novo,0
945,Chevrolet,Tracker,2021,Prata,114964,TopCar,usado,59909
946,Hyundai,HB20,2024,Verde,98011,CarMaster,novo,0
947,Volkswagen,Gol,2022,Branco,115739,VeículoPlus,novo,0
948,Toyota,Hilux,2022,Prata,82001,CarMaster,usado,32303
949,Volkswagen,Gol,2023,Azul,87263,CarMaster,novo,0
950,Honda,Fit,2021,Cinza,61730,RodaCerta,novo,0
951,Hyundai,HB20,2023,Cinza,121776,AutoPrime,novo,0
952,Chevrolet,Prisma,2025,Prata,130945,DriveMax,novo,0
953,Honda,Civic,2024,Prata,92968,TopCar,novo,0
954,Hyundai,Tucson,2023,Branco,95471,VeículoPlus,novo,0
955,Chevrolet,Onix,2025,Azul,76006,DriveMax,usado,89838
956,Chevrolet,Onix,2024,Cinza,67600,TopCar,novo,0
957,Nissan,Kicks,2024,Cinza,148573,RodaCerta,novo,0
958,Nissan,Sentra,2022,Preto,142770,MegaMotors,usado,99924
959,Ford,Ka,2021,Cinza,88345,DriveMax,usado,54740
960,Hyundai,HB20,2020,Vermelho,123424,TopCar,usado,75028
961,Hyundai,Creta,2021,Prata,96112,CarMaster,usado,92848
962,Nissan,Sentra,2022,Preto,46850,RodaCerta,usado,78465
963,Volkswagen,Gol,2023,Preto,66658,CarMaster,novo,0
964,Toyota,Hilux,2020,Vermelho,95879,AutoPrime,usado,81905
965,Nissan,Versa,2022,Branco,64132,CarMaster,usado,50197
966,Volkswagen,Gol,2023,Preto,146449,CarMaster,usado,108376
967,Toyota,Hilux,2025,Verde,49422,VeículoPlus,novo,0
968,Honda,Fit,2025,Verde,148993,CarMaster,novo,0
969,Nissan,Versa,2021,Preto,111477,RodaCerta,usado,61984
970,Ford,Fiesta,2024,Azul,111441,VeículoPlus,usado,78543
971,Nissan,Versa,2020,Preto,141339,DriveMax,novo,0
972,Toyota,Corolla,2025,Preto,109302,VeículoPlus,usado,25735
973,Nissan,Kicks,2022,Cinza,141600,TopCar,novo,0
974,Hyundai,Creta,2025,Vermelho,86834,MegaMotors,usado,79067
975,Toyota,Yaris,2022,Verde,140613,VeículoPlus,usado,41609
976,Hyundai,Creta,2022,Azul,83399,CarMaster,usado,59157
977,Ford,Fiesta,2023,Preto,131438,RodaCerta,novo,0
978,Ford,Ka,2021,Branco,118980,TopCar,novo,0
979,Chevrolet,Onix,2024,Azul,67828,TopCar,usado,84068
980,Hyundai,Creta,2023,Preto,46297,DriveMax,usado,50022
981,Honda,HR-V,2020,Verde,121129,CarMaster,novo,0
982,Hyundai,HB20,2025,Branco,44972,VeículoPlus,usado,69828
983,Volkswagen,Gol,2020,Verde,73316,RodaCerta,novo,0
984,Volkswagen,T-Cross,2020,Cinza,92182,TopCar,usado,49486
985,Chevrolet,Prisma,2025,Cinza,51197,CarMaster,usado,97443
986,Chevrolet,Prisma,2020,Vermelho,126959,RodaCerta,usado,29147
987,Toyota,Yaris,2021,Vermelho,124591,VeículoPlus,usado,103923
988,Hyundai,HB20,2024,Verde,53985,DriveMax,novo,0
989,Hyundai,Creta,2024,Prata,122188,DriveMax,novo,0
990,Ford,Fiesta,2025,Branco,53848,AutoPrime,usado,104986
991,Nissan,Versa,2020,Preto,59519,VeículoPlus,novo,0
992,Volkswagen,T-Cross,2023,Cinza,78485,CarMaster,usado,36837
993,Hyundai,Creta,2024,Vermelho,80879,DriveMax,usado,50430
994,Chevrolet,Prisma,2021,Azul,56661,AutoPrime,novo,0
995,Ford,Ka,2025,Preto,74919,DriveMax,novo,0
996,Volkswagen,T-Cross,2025,Azul,56595,RodaCerta,usado,79109
997,Chevrolet,Prisma,2021,Preto,104237,VeículoPlus,usado,101539
998,Hyundai,Tucson,2020,Prata,94224,RodaCerta,usado,64407
999,Chevrolet,Tracker,2021,Prata,54885,CarMaster,novo,0
1000,Chevrolet,Onix,2021,Preto,142672,DriveMax,usado,27105
